oecd,country,pind,pindo,ctrycd,col_uk,t_indep,col_uka,col_espa,col_otha,legor_uk,legor_so,legor_fr,legor_ge,legor_sc,prot80,catho80,confu,avelf,govef,graft,logyl,loga,yrsopen,gadp,engfrac,eurfrac,frankrom,latitude,gastil,cgexp,cgrev,ssw,rgdph,trade,prop1564,prop65,federal,eduger,spropn,yearele,yearreg,seats,maj,pres,lyp,semi,majpar,majpres,propres,dem_age,lat01,age,polityIV,spl,cpi9500,du_60ctry,magn,sdm,oecd.x,mining_gdp,gini_8090,con2150,con5180,con81,list,maj_bad,maj_gin,maj_old,pres_bad,pres_gin,pres_old,propar,lpop,continent
0,Argentina,0,0,213,0,183,0,0.2680000066757202,0,0,0,1,0,0,2.700000047683716,91.5999984741211,0,0.17693181335926056,4.4759111404418945,5.549095153808594,9.602700233459473,8.392950057983398,0.08900000154972076,0.5789999961853027,0,0.8360000252723694,1.7230000495910645,-36.67599868774414,2.3333332538604736,14.000483512878418,12.31047534942627,6.754078388214111,5831.07470703125,18.420076370239258,61.377384185791016,9.293244361877441,1,94.80000305175781,0,1983,1983,257.1111145019531,0,1,8.6709566116333,0,0,0,1,1983,0.4075110852718353,0.08500000089406967,7,-0.5086033940315247,6.506667137145996,1,0.09334748983383179,0.18897640705108643,0,1.8993865251541138,NA,0,0,1,257.1111145019531,0,NA,0,2.3333332538604736,NA,0.08500000089406967,0,17.350513458251953,laam
1,Australia,1,1,193,1,98,0.6079999804496765,0,0,1,0,0,0,0,23.5,29.600000381469727,0,0.11279711127281189,2.0826127529144287,1.7978324890136719,10.30420970916748,8.671030044555664,0.6890000104904175,0.9309999942779541,0.949999988079071,0.949999988079071,1.4040000438690186,-32.21900177001953,1,25.783267974853516,24.2291202545166,8.600190162658691,15499.72265625,38.79273223876953,66.80671691894531,11.663296699523926,1,111.3375015258789,0,1901,1901,147.6666717529297,1,0,9.648577690124512,0,1,0,0,1901,0.3579888939857483,0.4950000047683716,10,-0.6793869137763977,1.340000033378601,1,1,0.190476194024086,1,4.493364334106445,39.86000061035156,0,0,0,0,1,39.86000061035156,0.4950000047683716,0,0,0,0,16.69928084479438,other
1,Austria,0,0,122,0,250,0,0,0,0,0,0,1,0,6.5,88.80000305175781,0,0.03321225196123123,2.5625498294830322,2.085785388946533,10.1316499710083,8.80521011352539,0.777999997138977,0.9490000009536743,0,0.9800000190734863,3.6010000705718994,48.23099899291992,1,40.145626068115234,36.202430725097656,17.882038116455078,13313.134765625,78.262054443359375,67.45172882080078,15.100342750549316,1,103.95714569091797,0,1945,1945,183,0,0,9.496506690979004,0,0,0,0,1945,0.5358999967575073,0.2750000059604645,10,-4.410099983215332,2.478332996368408,1,0.04918032884597778,0.07287450134754181,1,0.39891570806503296,29,1,0,0,183,0,0,0,0,0,0,1,15.891295856899685,other
0,Bahamas,1,1,313,1,26,0.8960000276565552,0,0,1,0,0,0,0,47.20000076293945,25.5,0,0,4.05254602432251,4.0052337646484375,NA,NA,NA,0.6140000224113464,0.8650000095367432,0.8650000095367432,3.638000011444092,24.700000762939453,1.7222222089767456,18.809762954711914,17.460113525390625,0.950142502784729,11768.3603515625,101.83389282226562,63.95685577392578,4.3898844718933105,0,95.30000305175781,0,1973,1973,47,1,0,9.373169898986816,0,1,0,0,1973,0.27444446086883545,0.13500000536441803,NA,-2.3542580604553223,NA,1,1,1,0,0.592740535736084,45,0,1,0,0,1.7222222089767456,45,0.13500000536441803,0,0,0,0,12.517755296495226,laam
0,Bangladesh,1,1,513,0,28,0,0,0.8880000114440918,1,0,0,0,0,0.20000000298023224,0.20000000298023224,0,0,6.129216194152832,5.578218936920166,8.413820266723633,8.6571197509765625,0,0.31299999356269836,0,0,2.3329999446868896,23.8799991607666,3.1666667461395264,12.565011978149414,13.791308403015137,0.12925264239311218,1611.7850341796875,25.352510452270508,53.811126708984375,3.2321650981903076,0,43.599998474121094,0.10000000149011612,1991,1991,330,1,0,7.385097503662109,0,0.8888888955116272,0.1111111119389534,0,1991,0.2653333246707916,0.04500000178813934,4.777778148651123,1.1960450410842896,7.710000038146973,0,0.9090908765792847,1,0,0.018437335267663002,33.63500213623047,0,0,1,0,3.1666667461395264,33.63500213623047,0.04500000178813934,0,0,0,0,NA,asiae
0,Barbados,1,1,316,1,33,0.8679999709129333,0,0,1,0,0,0,0,33.20000076293945,5.900000095367432,0,0.07333333045244217,NA,NA,9.568699836730957,8.54757022857666,1,0.7390000224113464,1,1,4.0269999504089355,13.178999900817871,1,32.3621940612793,NA,NA,7094.70263671875,116.35070037841797,65.1791000366211,11.119802474975586,0,NA,0,1966,1966,27.88888931274414,1,0,8.867103576660156,0,1,0,0,1966,0.14643333852291107,0.17000000178813934,NA,NA,NA,1,1,1,0,0.5067324638366699,49,0,1,0,0,1,49,0.17000000178813934,0,0,0,0,12.479826185438368,laam
0,Belarus,1,1,913,0,8,0,0,0.9679999947547913,0,1,0,0,0,0,14,0,0.12470000237226486,6.317848205566406,6.307248115539551,NA,NA,NA,NA,NA,NA,NA,NA,4.875,35.52255630493164,33.16173553466797,11.75855827331543,1569.1209716796875,116.5235366821289,66.33025360107422,12.002030372619629,NA,93.28571319580078,NA,1991,1991,145.1999969482422,1,1,7.358270645141602,0,0,1,0,1991,NA,0.04500000178813934,0.875,-0.025144999846816063,6.199999809265137,0,1,NA,0,NA,29,0,0,1,0,4.875,29,0.04500000178813934,4.875,29,0.04500000178813934,0,NA,other
1,Belgium,0,0,124,0,169,0,0,0.3240000009536743,0,0,1,0,0,0.4000000059604645,90,0,0.363834410905838,3.2334766387939453,3.65661358833313,10.296770095825195,8.804739952087402,0.777999997138977,0.9539999961853027,0,0.3449999988079071,3.9600000381469727,50.83700180053711,1.1666666269302368,47.9390869140625,43.65851974487305,19.65333366394043,13729.2109375,132.14190673828125,66.41313934326172,15.758146286010742,0,116.5,0,1899,1853,184.44444274902344,0,0,9.527280807495117,0,0,0,0,1853,0.5648555755615234,0.7350000143051147,10,-4.528397083282471,4.043333053588867,1,0.13787561655044556,0.09707619994878769,1,0.15599921345710754,26.5,0,0,0,184.44444274902344,0,0,0,0,0,0,1,16.12812042236328,other
0,Belize,1,1,339,1,18,0.9279999732971191,0,0,1,0,0,0,0,13.199999809265137,66.80000305175781,0,0.40909090638160706,NA,NA,9.278050422668457,NA,NA,NA,0.6100000143051147,0.9399999976158142,4.4710001945495605,17.843000411987305,1.0555555820465088,30.06591033935547,24.040077209472656,1.2210232019424438,4099.5615234375,112.60271453857422,53.44993209838867,4.692859649658203,0,94.279998779296875,0,1981,1981,28.66666603088379,1,0,8.318634986877441,0,1,0,0,1981,0.19825555384159088,0.0949999988079071,NA,NA,NA,1,1,1,0,0.5678035020828247,NA,0,0,1,0,1.0555555820465088,NA,0.0949999988079071,0,NA,0,0,12.25931485493978,laam
0,Bolivia,0.11623930186033249,0.11623930186033249,218,0,174,0,0.30399999022483826,0,0,0,1,0,0,2.299999952316284,92.5,0,0.5994117856025696,5.445847034454346,5.875754356384277,8.507650375366211,7.640480041503906,0.7329999804496765,0.38100001215934753,0,0.3720000088214874,2.0869998931884766,-15.1899995803833,2.444444417953491,20.981212615966797,15.92514419555664,3.8716928958892822,1794.201904296875,48.88423538208008,55.533180236816406,3.7975311279296875,0,76.9000015258789,0,1986.6666259765625,1982,130,0,1,7.492315769195557,0,0,0,1,1982,0.16877777874469757,0.09000000357627869,9,-2.1070759296417236,7.309999942779541,1,0.06923079490661621,0.13526789844036102,0,6.682807445526123,42,0,0,1,114.8888931274414,0,0,0,2.444444417953491,42,0.09000000357627869,0,15.794207678900825,laam
0,Botswana,1,1,616,1,33,0.8679999709129333,0,0,1,0,0,0,0,26.799999237060547,9.399999618530273,0,0.3774999976158142,4.55804443359375,3.929617404937744,8.106450080871582,7.064499855041504,0.35600000619888306,0.7129999995231628,0,0,3.178999900817871,-21.535999298095703,1.9444444179534912,38.57271957397461,50.84873580932617,0.7222357392311096,2480.144287109375,87.465911865234375,53.22718811035156,2.698605537414551,0,90.72856903076172,1,1966,1966,37.33333206176758,1,0,7.8160719871521,0,1,0,0,1966,0.23928888142108917,0.17000000178813934,9,8.229146003723145,3.933332920074463,1,1,1,0,37.198204040527344,54,0,1,0,0,1.9444444179534912,54,0.17000000178813934,0,0,0,0,14.166307131449381,africa
0,Brazil,0,1,223,0,177,0,0.2919999957084656,0,0,0,1,0,0,4,87.80000305175781,0,0.05578093230724335,5.439870834350586,4.884766101837158,9.332289695739746,8.549260139465332,0.08900000154972076,0.6819999814033508,0,0.9980000257492065,1.1089999675750732,-19.55699920654297,3,30.661285400390625,29.738479614257812,9.561114311218262,4185.552734375,17.562210083007812,62.83748245239258,4.718872547149658,1,95.28571319580078,0,1988,1988,510.3333435058594,0,1,8.339393615722656,0,0,0,1,1985,0.21729999780654907,0.07500000298023224,8,-5.093491077423096,6.4633331298828125,1,0.05203205347061157,0.09246580302715302,0,1.15626859664917,58.689998626708984,0,0,1,510.3333435058594,0,0,0,3,58.689998626708984,0.07500000298023224,0,18.871458689371746,laam
0,Bulgaria,0,0,918,0,91,0,0,0.6359999775886536,0,1,0,0,0,0.4000000059604645,0.5,0,0.11569999903440475,6.628261566162109,6.114304065704346,NA,NA,0.08900000154972076,0.7059999704360962,0,0,3.437999963760376,42.073001861572266,2.444444417953491,42.44020462036133,36.89886474609375,11.773505210876465,5217.10693359375,94.51885223388672,67.09557342529297,14.217771530151367,0,85.0857162475586,0,1991,1991,240,0,0,8.559698104858398,0,0,0,0,1990,0.46747779846191406,0.05000000074505806,8,-0.00558600015938282,6.766665935516357,0,0.12916666269302368,0.13730379939079285,0,21.75262451171875,24.764999389648438,0,0,1,240,0,0,0,0,0,0,1,NA,other
1,Canada,1,1,156,1,132,0.47200000286102295,0,0,1,0,0,0,0,29.600000381469727,46.599998474121094,0,0.37618759274482727,1.5653045177459717,0.8890504837036133,10.414420127868652,8.860540390014648,0.9559999704360962,0.9760000109672546,0.6140000224113464,0.8569999933242798,1.6030000448226929,43.72700119018555,1,24.853378295898438,20.754858016967773,10.85252571105957,17040.583984375,66.5228271484375,67.82738494873047,11.977166175842285,1,102.73333740234375,0,1867,1867,296.3333435058594,1,0,9.743352890014648,0,1,0,0,1867,0.4858555793762207,0.6650000214576721,10,-5.108617782592773,0.9116666913032532,1,1,1,1,3.614001989364624,30.5,0,0,0,0,1,30.5,0.6650000214576721,0,0,0,0,17.190379248725044,other
0,Chile,1,1,228,0,189,0,0.24400000274181366,0,0,0,1,0,0,1.899999976158142,82.0999984741211,0,0.05062500014901161,2.668238639831543,2.9415886402130127,9.140250205993652,7.917359828948975,0.421999990940094,0.6460000276565552,0,0.9309999942779541,1.9809999465942383,-33.55400085449219,2.055555582046509,21.02538299560547,22.522428512573242,7.084179401397705,5491.78662109375,59.19076919555664,63.915008544921875,6.573759078979492,0,90.44285583496094,0,1989,1989,120,1,1,8.611008644104004,0,0,1,0,1989,0.37282222509384155,0.054999999701976776,8,1.7298860549926758,3.0183329582214355,1,0.5,0.5,0,7.755191326141357,56,0,0,1,0,2.055555582046509,56,0.054999999701976776,2.055555582046509,56,0.054999999701976776,0,16.452196333143448,laam
0,Colombia,0,0,233,0,189,0,0.24400000274181366,0,0,0,1,0,0,0.8999999761581421,96.5999984741211,0,0.05579601973295212,5.113251686096191,5.980666160583496,9.144220352172852,8.30463981628418,0.08900000154972076,0.5649999976158142,0,0.9800000190734863,2.0199999809265137,4.788000106811523,3.5,14.068307876586914,13.485206604003906,1.2661094665527344,3587.28466796875,34.791873931884766,60.75258255004883,4.475142478942871,0,80.78571319580078,0.4375,1957,1957,156.6666717529297,0,1,8.185151100158691,0,0,0,1,1957,0.05320000275969505,0.2150000035762787,8,-1.3260639905929565,7.216667175292969,1,0.2098347544670105,0.021920500323176384,0,5.5520501136779785,51,0,1,0,156.6666717529297,0,0,0,3.5,51,0.2150000035762787,0,17.447547488742405,laam
0,Costa Rica,0,0,238,0,178,0,0.2879999876022339,0,0,0,1,0,0,5.800000190734863,90.5,0,0.053214285522699356,3.8929855823516846,3.8461828231811523,9.118029594421387,8.145270347595215,0.421999990940094,0.6700000166893005,0.01600000075995922,0.906000018119812,3.1510000228881836,9.940999984741211,1.3333333730697632,23.343647003173828,23.942813873291016,4.476506233215332,3697.97119140625,85.90727996826172,60.68626022338867,4.298967361450195,0,78.01249694824219,0,1953,1949,57,0,1,8.215539932250977,0,0,0,1,1841,0.11045555770397186,0.7950000166893005,10,-1.928331971168518,4.362500190734863,1,0.12280702590942383,0.12280700355768204,0,19.386539459228516,46.779998779296875,1,1,0,57,0,0,0,1.3333333730697632,46.779998779296875,0.7950000166893005,0,15.005298932393393,laam
0,Cyprus (G),0,1,423,1,39,0.843999981880188,0,0,1,0,0,0,0,0.6000000238418579,1.2999999523162842,0,0.30000001192092896,2.9187490940093994,1.3774323463439941,9.668060302734375,8.390000343322754,1,0.7229999899864197,0,0,3.996000051498413,35.08100128173828,1,33.96567916870117,30.67799949645996,7.870267868041992,9564.6953125,101.36197662353516,63.47311019897461,10.765388488769531,0,96.81999969482422,0,1981,1960,56,0,1,9.165834426879883,0,0,0,1,1960,0.3897888958454132,0.20000000298023224,10,-3.8077540397644043,NA,1,0.1071428656578064,0.07281550019979477,0,0.28509464859962463,NA,0,1,1,56,0,NA,0,1,NA,0.20000000298023224,0,13.489436043633354,other
0,Czech Republic,0,0,935,0,6,0,0,0.9760000109672546,0,1,0,0,0,4.599999904632568,39.20000076293945,0,0.11536400020122528,3.810708522796631,4.231539249420166,NA,NA,NA,NA,NA,NA,NA,NA,1.6666666269302368,36.346614837646484,31.45989990234375,10.939791679382324,3582.3388671875,107.99531555175781,67.676666259765625,12.963128089904785,0,94.616668701171875,NA,1993,1993,200,0,0,8.183771133422852,0,0,0,0,1990,NA,0.05000000074505806,10,0.15503400564193726,5.145999908447266,0,0.04000002145767212,NA,0,2.3590612411499023,28.260000228881836,0,0,1,200,0,0,0,0,0,0,1,NA,other
1,Denmark,0,0,128,0,250,0,0,0,0,0,0,0,1,95.19999694824219,0.6000000238418579,0,0.027499999850988388,1.557896375656128,0.741966724395752,10.104780197143555,8.476929664611816,0.777999997138977,0.984000027179718,0,0.004999999888241291,3.430000066757202,55.71799850463867,1,40.143165588378906,39.006187438964844,16.51695442199707,14917.876953125,66.56439971923828,67.29412078857422,15.289874076843262,0,107.19999694824219,0.22346368432044983,1920,1915,175,0,0,9.610315322875977,0,0,0,0,1915,0.619088888168335,0.42500001192092896,10,-1.6105430126190186,0.26833340525627136,1,0.10857141017913818,0.07522539794445038,1,0.9245555996894836,33,0,0,0,175,0,0,0,0,0,0,1,15.46699693467882,other
0,Dominican Re,0,0,243,0,155,0,0,0.3799999952316284,0,0,1,0,0,1.399999976158142,96.5999984741211,0,0.010830564424395561,6.6650800704956055,6.545896053314209,8.89758014678955,8.086299896240234,0,0.5099999904632568,0.0010000000474974513,0.8709999918937683,3.1080000400543213,18.56100082397461,2.8888888359069824,14.820706367492676,15.160917282104492,0.6472210884094238,2396.817138671875,67.85826110839844,60.53195571899414,3.946854829788208,0,77.19999694824219,0,1978,1978,120,0,1,7.781897068023682,0,0,0,1,1978,0.20623333752155304,0.10999999940395355,6.4444451332092285,0.5181537866592407,NA,1,0.25,0.38926181197166443,0,3.519214630126953,46,0,1,0,120,0,0,0,2.8888888359069824,46,0.10999999940395355,0,15.853395462036133,laam
0,Ecuador,0,0,248,0,177,0,0.2919999957084656,0,0,0,1,0,0,1.899999976158142,96.4000015258789,0,0.3253571391105652,6.123921871185303,6.638401508331299,9.03456974029541,7.875629901885986,0.843999981880188,0.5730000138282776,0,0.7139999866485596,2.434999942779541,-2.062000036239624,2.555555582046509,16.321971893310547,16.333057403564453,0.281131386756897,2858.59521484375,57.26163101196289,58.67320251464844,4.409729957580566,0,88.779998779296875,0.1690140813589096,1984.6666259765625,1979,81.888885498046875,0,1,7.958085536956787,0,0,0,1,1979,0.022911110892891884,0.10499999672174454,8.88888931274414,1.1127890348434448,7.377500057220459,1,0.26222121715545654,0.2786448895931244,0,10.590950012207031,43,0,1,0,81.888885498046875,0,0,0,2.555555582046509,43,0.10499999672174454,0,16.231400595770943,laam
0,El Salvador,0,0,253,1,178,0.2879999876022339,0,0,0,0,1,0,0,2.4000000953674316,96.19999694824219,0,0.051428571343421936,5.523589611053467,5.7071309089660645,8.6212797164917,8.136730194091797,0.4000000059604645,0.3720000088214874,0,0.9229999780654907,3.364000082015991,13.774999618530273,3,13.632372856140137,NA,0.6214010715484619,2019.5516357421875,54.02487564086914,57.251609802246094,4.402801513671875,0,73.0625,0,1984,1984,81.33333587646484,0,1,7.610630989074707,0,0,0,1,1984,0.15305554866790771,0.07999999821186066,6.888888835906982,NA,6.133333206176758,1,0.18068784475326538,0.18579959869384766,0,0.4149736166000366,48,0,0,1,81.33333587646484,0,0,0,3,48,0.07999999821186066,0,15.529590288798014,laam
0,Estonia,0,1,939,0,8,0,0,0.9679999947547913,0,1,0,0,0,66,2,0,0.5241310000419617,4.483633995056152,3.813887119293213,NA,NA,NA,NA,NA,NA,NA,NA,2.125,29.9968204498291,31.069223403930664,9.540842056274414,2543.575439453125,153.6608428955078,66.76976776123047,12.603222846984863,0,100.27143096923828,NA,1992,1992,101,0,0,7.8413262367248535,0,0,0,0,1991,NA,0.04500000178813934,6,0.24995720386505127,4.300000190734863,0,0.10891091823577881,NA,0,1.5701018571853638,35.81999969482422,0,0,1,101,0,0,0,0,0,0,1,NA,other
0,Fiji,0.7863247990608215,0.7863247990608215,819,1,29,0.8840000033378601,0,0,1,0,0,0,0,39.099998474121094,9,0,0.800000011920929,3.730119228363037,3.386664390563965,9.177590370178223,7.993760108947754,0.40799999237060547,0.6110000014305115,0.00800000037997961,0.00800000037997961,2.9210000038146973,-17.82699966430664,3.8333332538604736,28.423839569091797,25.955045700073242,1.3706973791122437,4093.80859375,118.6669692993164,60.64720153808594,3.7155120372772217,0,95.56666564941406,0.08571428805589676,1992.22216796875,1990,66,0,0,8.317231178283691,1,0.5555555820465088,0,0,1990,0.19807776808738708,0.05000000074505806,5,-3.741542100906372,NA,1,0.6434676647186279,0.9014083743095398,0,NA,42.5,0,0,1,14.10256290435791,0,0,0,0,0,0,1,13.568307346767849,asiae
1,Finland,0.004999995231628418,1,172,0,82,0,0,0.671999990940094,0,0,0,0,1,93.0999984741211,0.10000000149011612,0,0.10499999672174454,1.7304840087890625,0.8308124542236328,10.166959762573242,8.509830474853516,0.777999997138977,0.9800000190734863,0,0,3.075000047683716,60.21200180053711,1,38.320953369140625,32.47304153442383,16.16280174255371,13072.671875,60.838645935058594,66.9684066772461,14.010619163513184,0,108.25714111328125,0,1917,1917,200,0,0,9.478279113769531,0,0,0,0,1917,0.669022262096405,0.41499999165534973,10,-7.954957008361816,0.4916665852069855,1,0.09166669845581055,0.07068029791116714,1,0.3123970031738281,28.48590087890625,0,0,0,199,0,0,0,0,0,0,1,15.440874841478136,other
1,France,1,1,132,0,250,0,0,0,0,0,1,0,0,2.4000000953674316,76.4000015258789,0,0.14548394083976746,2.4409351348876953,2.435211658477783,10.274069786071777,8.945799827575684,0.800000011920929,0.9409999847412109,0,1.003999948501587,2.7249999046325684,48.856998443603516,1.5,45.2506217956543,40.94550323486328,19.08028221130371,14185.7724609375,44.88787841796875,65.47331237792969,14.942914962768555,0,106.4142837524414,0,1986,1958,576.33331298828125,1,0,9.5599946975708,0,1,0,0,1946,0.5428555607795715,0.27000001072883606,9,-4.184985160827637,3.2300000190734863,1,1,0.49836400151252747,1,0.4406096041202545,35,0,1,1,0,1.5,35,0.27000001072883606,0,0,0,0,17.873328314887154,other
0,Gambia,1,1,648,1,34,0.8640000224113464,0,0,1,0,0,0,0,0.4000000059604645,1.899999976158142,0,0.7803703546524048,4.672659397125244,5.037331581115723,7.4487199783325195,7.5122599601745605,0.22200000286102295,0.5680000185966492,0,0,3.9549999237060547,13.256999969482422,4.388888835906982,24.41925811767578,23.812515258789062,0.6532443165779114,763.5706787109375,121.57737731933594,55.22256088256836,3.3966445922851562,0,48.150001525878906,0,1965,1965,38.88888931274414,1,1,6.63800573348999,0,0,1,0,1965,0.14730000495910645,0.17499999701976776,0.2222221940755844,-0.8156021237373352,NA,1,0.9818593859672546,1,0,0.020369866862893105,39,0,1,0,0,4.388888835906982,39,0.17499999701976776,4.388888835906982,39,0.17499999701976776,0,13.881456163194445,africa
1,Germany,0.5,0.5,134,0,250,0,0,0,0,0,0,1,0,46.400001525878906,35,0,0.04375527426600456,2.181581974029541,1.759413719177246,10.2747802734375,8.735190391540527,0.800000011920929,0.9629999995231628,0,0.9490000009536743,2.9159998893737793,48.1609992980957,1.5,32.67863845825195,31.675561904907227,15.878130912780762,20782.814453125,48.756797790527344,68.60874938964844,15.400742530822754,1,102.44285583496094,0,1949,1949,656,0,0,9.941882133483887,1,0,0,0,1949,0.5351222157478333,0.2549999952316284,10,-1.7905230522155762,1.976667046546936,1,0.5243902206420898,0.12766410410404205,1,0.45855605602264404,29,1,0,0,328,0,0,0,0,0,0,1,18.211930168999565,other
0,Ghana,1,1,652,1,42,0.8320000171661377,0,0,1,0,0,0,0,25.799999237060547,18.700000762939453,0,0.7060999870300293,5.573554992675781,5.602953910827637,7.5250701904296875,7.3036699295043945,0.22200000286102295,0.5400000214576721,0,0,2.937999963760376,6.693999767303467,4.333333492279053,18.996335983276367,17.24248695373535,1.1538647413253784,980.6060791015625,53.48115158081055,52.19075393676758,2.9837841987609863,0,56.75,0,1992,1992,200,1,1,6.8881707191467285,0,0,1,0,1992,0.07437777519226074,0.03999999910593033,-0.625,-1.4736850261688232,NA,0,1,1,0,5.155007839202881,35.36000061035156,0,0,1,0,4.333333492279053,35.36000061035156,0.03999999910593033,4.333333492279053,35.36000061035156,0.03999999910593033,0,NA,africa
1,Greece,0,1,174,0,170,0,0,0.3199999928474426,0,0,1,0,0,0.10000000149011612,0.4000000059604645,0,0.07777778059244156,3.880618095397949,3.350358486175537,9.717599868774414,8.432490348815918,0.800000011920929,0.7120000123977661,0,0,3.2960000038146973,38.05799865722656,1.8333333730697632,35.26538848876953,22.12677574157715,5.641448497772217,7001.2890625,41.74716567993164,67.0557861328125,15.555453300476074,0,94.80000305175781,0.03999999910593033,1975,1975,300,0,0,8.853849411010742,0,0,0,0,1975,0.4228666424751282,0.125,10,-11.361689567565918,5.150000095367432,1,0.1899999976158142,0.18459920585155487,1,1.11318039894104,35,0,1,0,300,0,0,0,0,0,0,1,16.156570434570312,other
0,Guatemala,0.7777777910232544,0.7777777910232544,258,0,178,0,0.2879999876022339,0,0,0,1,0,0,4.900000095367432,94,0,0.476666659116745,5.450036525726318,6.63889217376709,8.913350105285645,8.543780326843262,0.421999990940094,0.3709999918937683,0,0.5879999995231628,3.0929999351501465,14.621999740600586,4,9.743063926696777,8.923338890075684,NA,2298.2177734375,43.209144592285156,51.595489501953125,3.3059589862823486,0,58.25714111328125,0.22499999403953552,1985,1985,96,0,1,7.739889144897461,0,0,0,1,1985,0.16246666014194489,0.07500000298023224,4.6666669845581055,NA,6.849999904632568,1,0.24090039730072021,0.12892380356788635,0,NA,58.529998779296875,0,0,1,96,0,0,0,4,58.529998779296875,0.07500000298023224,0,16.089309162563747,laam
0,Honduras,0,0,268,0,178,0,0.2879999876022339,0,0,0,1,0,0,2.5999999046325684,95.80000305175781,0,0.0973593071103096,5.817802429199219,6.876294136047363,8.4330596923828125,7.808440208435059,0.35600000619888306,0.42399999499320984,0.003000000026077032,0.8450000286102295,3.316999912261963,14.194000244140625,2.722222328186035,21.477914810180664,17.916048049926758,NA,1395.161865234375,84.092620849609375,52.864845275878906,3.1346702575683594,0,77.9000015258789,0,1982,1982,128,0,1,7.240765571594238,0,0,0,1,1982,0.15771111845970154,0.09000000357627869,6,NA,8.25,1,0.140625,0.140625,0,1.5514570474624634,54.5,0,0,1,128,0,0,0,2.722222328186035,54.5,0.09000000357627869,0,15.517753707038032,laam
0,Hungary,0.4559584856033325,0.4559584856033325,944,0,250,0,0,0,0,1,0,0,0,21.600000381469727,53.900001525878906,0,0.06509999930858612,3.7870872020721436,3.771780014038086,9.293660163879395,7.59853982925415,0.11100000143051147,0.7879999876022339,0,0.004999999888241291,3.2929999828338623,47.41899871826172,1.6666666269302368,49.95391082763672,45.61467742919922,17.304824829101562,4986.00341796875,73.65477752685547,67.388336181640625,13.899004936218262,0,93.68333435058594,0.15025906264781952,1990,1990,386,0,0,8.514389991760254,1,0,0,0,1990,0.526877760887146,0.05000000074505806,10,-3.77744197845459,5.073332786560059,0,0.5077720284461975,0.08221159875392914,0,1.0686078071594238,24.380001068115234,0,0,1,210,0,0,0,0,0,0,1,NA,other
1,Iceland,0,0,176,0,55,0,0,0.7799999713897705,0,0,0,0,1,96.5999984741211,0.699999988079071,0,0.10000000149011612,1.9921610355377197,1.3388962745666504,10.160240173339844,8.757929801940918,0.8050000071525574,0.9860000014305115,0,0,3.499000072479248,63.891998291015625,1,31.80872344970703,30.00901985168457,7.169928550720215,13371.9033203125,66.85449981689453,64.45214080810547,11.272092819213867,0,101.07142639160156,0.0476190485060215,1944,1944,63,0,0,9.500910758972168,0,0,0,0,1944,0.7099111080169678,0.2800000011920929,10,-3.0129780769348145,0.7999998927116394,1,0.1269841194152832,0.12733779847621918,1,13.99319839477539,NA,1,0,0,63,0,NA,0,0,NA,0,1,12.488106515672472,other
0,India,1,1,534,1,52,0.7919999957084656,0,0,1,0,0,0,0,1.100000023841858,1.2999999523162842,0,0.7421975135803223,5.527493476867676,5.6116814613342285,8.021490097045898,7.505390167236328,0.02199999988079071,0.5910000205039978,0,0,1.190999984741211,25.27400016784668,3.3333332538604736,15.789568901062012,12.764803886413574,NA,1431.4984130859375,21.883737564086914,59.862003326416016,4.590618133544922,1,70.92857360839844,0,1950,1950,520.33331298828125,1,0,7.266477108001709,0,1,0,0,1950,0.280822217464447,0.25,8.44444465637207,-5.91735315322876,7.206665992736816,1,1,1,0,2.110830545425415,32,1,0,0,0,3.3333332538604736,32,0.25,0,0,0,0,20.632447984483505,asiae
1,Ireland,0,1,178,1,78,0.6880000233650208,0,0,1,0,0,0,0,1.100000023841858,95.30000305175781,0,0.09035713970661163,2.277806520462036,1.8654158115386963,9.925569534301758,8.483460426330566,0.6439999938011169,0.8889999985694885,0.7419999837875366,0.7419999837875366,3.5220000743865967,54.611000061035156,1.1111111640930176,38.093544006347656,34.7853889465332,10.53897476196289,11390.4892578125,128.91702270507812,63.484378814697266,11.68449592590332,0,107.18571472167969,0,1937,1937,166,0,0,9.340534210205078,0,0,0,0,1921,0.6067888736724854,0.39500001072883606,10,-1.6342469453811646,1.9333339929580688,1,0.2469879388809204,0.24698799848556519,1,0.7119121551513672,35,1,0,0,166,0,0,0,0,0,0,1,15.092906422085232,other
0,Israel,0,0,436,1,51,0.7960000038146973,0,0.7960000038146973,1,0,0,0,0,0.20000000298023224,1,0,0.3270557224750519,3.629855155944824,2.4466240406036377,10.058879852294922,8.62516975402832,0.22200000286102295,0.7559999823570251,0,0,3.992000102996826,32.08399963378906,2,46.31829071044922,38.879032135009766,11.15426254272461,10428.7412109375,77.46720123291016,60.28881072998047,10.207618713378906,0,92.94999694824219,0,1948,1948,120,0,0,9.252321243286133,0,0,0,0,1948,0.3564888834953308,0.25999999046325684,9,-3.5464670658111572,2.7639999389648438,1,0.008333325386047363,0.008333300240337849,0,19.712783813476562,37,1,0,0,120,0,0,0,0,0,0,1,15.495666609870064,other
1,Italy,0.41887131333351135,0.8633157014846802,136,0,250,0,0,0,0,0,1,0,0,0.4000000059604645,83.19999694824219,0,0.03886815533041954,3.454261302947998,3.39534330368042,10.293919563293457,9.015419960021973,0.800000011920929,0.8149999976158142,0,0.006000000052154064,2.63700008392334,45.415000915527344,1.4444444179534912,48.803199768066406,41.1976203918457,18.5528564453125,12929.416015625,44.32747268676758,68.7469253540039,16.053199768066406,0,93.82857513427734,0.1335938274860382,1972.22216796875,1945,630,0,0,9.467260360717773,0,0,0,0,1945,0.5046111345291138,0.2750000059604645,10,-8.053450584411621,5.77666711807251,1,0.4643738865852356,0.15648870170116425,1,0.44520190358161926,32.5,1,0,0,366.1111145019531,0,0,0,0,0,0,1,17.860872480604385,other
0,Jamaica,1,1,343,1,37,0.8519999980926514,0,0,1,0,0,0,0,55.5,9.600000381469727,0,0.012500000186264515,5.968402862548828,5.232411861419678,8.432840347290039,7.367300033569336,0.421999990940094,0.5440000295639038,0.9399999976158142,0.9399999976158142,3.0999999046325684,18.05500030517578,2.277777671813965,NA,NA,NA,2426.28271484375,122.17720794677734,60.088966369628906,6.717472553253174,0,82.350006103515625,0.5,1962,1962,60,1,0,7.7941155433654785,0,1,0,0,1959,0.20061111450195312,0.20499999821186066,9.333333015441895,NA,6.199999809265137,0,1,1,0,6.919717788696289,41.790000915527344,0,1,0,0,2.277777671813965,41.790000915527344,0.20499999821186066,0,0,0,0,NA,laam
1,Japan,0.8666666746139526,0.8666666746139526,158,0,250,0,0,0,0,0,0,1,0,0.8999999761581421,0.6000000238418579,1,0.009880277328193188,3.32202410697937,3.552849769592285,9.943059921264648,8.408570289611816,0.7329999804496765,0.9319999814033508,0,0,1.6990000009536743,35.71200180053711,1.5555555820465088,20.509017944335938,19.838973999023438,8.291452407836914,15255.62890625,18.756059646606445,69.37799835205078,14.007708549499512,0,99.8499984741211,1,1975.3333740234375,1952,508,1,0,9.63270378112793,0,0.3333333432674408,0,0,1868,0.3968000113964081,0.6600000262260437,10,-0.2776908874511719,3.576667070388794,1,0.3753020763397217,0.04294389858841896,1,0.22720856964588165,34.20000076293945,0,1,0,67.73332977294922,1.5555555820465088,34.20000076293945,0.6600000262260437,0,0,0,0,18.643605338202583,other
0,Latvia,0,0,941,0,8,0,0,0.9679999947547913,0,1,0,0,0,14.100000381469727,18.200000762939453,0,0.613722026348114,4.864724159240723,5.5271501541137695,NA,NA,NA,NA,NA,NA,NA,NA,2.25,31.390146255493164,29.478628158569336,12.922685623168945,2936.435791015625,106.15135955810547,66.41886901855469,12.996596336364746,0,88.05714416503906,0,1991,1991,133.6666717529297,0,0,7.984951972961426,0,0,0,0,1991,NA,0.04500000178813934,8,-1.6647800207138062,6.8333330154418945,0,0.049950242042541504,0.05000000074505806,0,0.15810978412628174,NA,0,0,1,133.6666717529297,0,NA,0,0,NA,0,1,NA,other
1,Luxembourg,0,1,137,0,160,0,0,0.36000001430511475,0,0,1,0,0,1.2000000476837158,93,0,0.21666666865348816,1.65268874168396,1.6574900150299072,10.461420059204102,8.919989585876465,0.800000011920929,1,0,0,5.638999938964844,49.779998779296875,1,40.176353454589844,45.45094680786133,21.32377815246582,18801.708984375,188.9888153076172,68.04093933105469,14.23657512664795,0,88.87999725341797,0,1918,1879,60,0,0,9.841703414916992,0,0,0,0,1879,0.5531110763549805,0.6050000190734863,10,1.0126429796218872,1.3224999904632568,1,0.06666666269302368,0.06666669994592667,1,0.140722393989563,27,0,0,0,60,0,0,0,0,0,0,1,12.90866724650065,other
0,Malawi,1,1,676,1,35,0.8600000143051147,0,0,1,0,0,0,0,31.5,27.600000381469727,0,0.6223999857902527,6.2496795654296875,5.389065742492676,6.954360008239746,6.547220230102539,0,0.503000020980835,0,0,2.5390000343322754,-15.810999870300293,4.166666507720947,25.76205062866211,NA,NA,530.2225341796875,62.482601165771484,50.616336822509766,2.589322566986084,0,73.54999542236328,0,1994,1994,177,1,1,6.27329683303833,0,0,1,0,1994,0.17567777633666992,0.029999999329447746,0,-1.604962944984436,5.900000095367432,0,1,1,0,NA,62,0,0,1,0,4.166666507720947,62,0.029999999329447746,4.166666507720947,62,0.029999999329447746,0,NA,africa
0,Malaysia,1,1,548,1,42,0.8320000171661377,0,0,1,0,0,0,0,1.399999976158142,2.799999952316284,0,0.610370397567749,3.571808338165283,3.733167886734009,9.156049728393555,8.027429580688477,1,0.6869999766349792,0,0,2.822999954223633,3.2690000534057617,4.55555534362793,24.471332550048828,26.750869750976562,1.4570337533950806,6459.10986328125,176.05992126464844,60.13739776611328,3.9997055530548096,1,78.73750305175781,0,1957,1957,185.3333282470703,1,0,8.773246765136719,0,1,0,0,1957,0.036322221159935,0.2150000035762787,10,1.135422945022583,4.864999771118164,1,1,1,0,7.59734582901001,49.67499923706055,0,1,0,0,4.55555534362793,49.67499923706055,0.2150000035762787,0,0,0,0,16.816303253173828,asiae
0,Malta,0,1,181,1,35,0.8600000143051147,0,0,0,0,1,0,0,0.5,97.30000305175781,0,0.10333333164453506,3.7424893379211426,4.0052337646484375,9.70619010925293,8.52925968170166,0.5350000262260437,0.621999979019165,0,0,4.585999965667725,35.887001037597656,1,40.982120513916016,34.95760726928711,13.841766357421875,8195.7587890625,190.4716796875,66.629730224609375,10.961751937866211,0,95.55714416503906,0,1964,1964,65.888885498046875,0,0,9.011371612548828,0,0,0,0,1964,0.39874446392059326,0.18000000715255737,NA,-5.016839981079102,NA,1,0.19742351770401,0.18840579688549042,0,3.0482017993927,NA,0,1,0,65.888885498046875,0,NA,0,0,NA,0,1,12.81274848514133,other
0,Mauritius,1,1,684,1,31,0.8759999871253967,0,0,0,0,1,0,0,0.8999999761581421,31.200000762939453,0,0.7084848284721375,4.655652046203613,4.327273845672607,9.134349822998047,8.576009750366211,1,0.7039999961853027,0.003000000026077032,0.5669999718666077,3.437999963760376,-20.23200035095215,1.6111111640930176,22.501792907714844,21.645051956176758,3.7996175289154053,6666.76513671875,128.116455078125,65.95276641845703,6.261110305786133,0,80.17142486572266,1,1968,1968,63.77777862548828,1,0,8.804889678955078,0,1,0,0,1968,0.2248000055551529,0.1599999964237213,10,-1.0672919750213623,5.133333206176758,1,0.3295861482620239,NA,0,0.13133633136749268,41.349998474121094,0,1,0,0,1.6111111640930176,41.349998474121094,0.1599999964237213,0,0,0,0,13.918169869316948,africa
1,Mexico,0.6000000238418579,0.6000000238418579,273,0,189,0,0.24400000274181366,0,0,0,1,0,0,1.2000000476837158,94.69999694824219,0,0.17407406866550446,4.642268657684326,5.5542521476745605,9.637539863586426,8.749950408935547,0.20000000298023224,0.5920000076293945,0,0.8799999952316284,1.5089999437332153,16.759000778198242,3.777777671813965,15.485774993896484,15.167201042175293,3.0020813941955566,6207.810546875,47.549991607666016,59.50017547607422,4.272913932800293,1,85.871429443359375,0.20000000298023224,1994,1994,500,0,1,8.733563423156738,1,0,0,1,1994,0.18621112406253815,0.029999999329447746,2.6666669845581055,0.40224361419677734,6.809999942779541,1,0.6019999980926514,0.023923400789499283,0,1.490399718284607,50.5,0,0,1,199.99998474121094,0,0,0,3.777777671813965,50.5,0.029999999329447746,0,18.309279759724934,laam
0,Namibia,0,0,728,0,9,0,0,0.9639999866485596,1,0,0,0,0,64.19999694824219,19.100000381469727,0,0.7282999753952026,4.911177635192871,4.23618221282959,8.836130142211914,7.700630187988281,0.2750000059604645,0.4620000123977661,0.06700000166893005,0.08799999952316284,3.059000015258789,-17.979000091552734,2.444444417953491,37.27320098876953,33.234474182128906,NA,2764.1201171875,114.62491607666016,53.96958923339844,3.6997058391571045,0,105.0250015258789,0,1990,1990,78,0,1,7.924477577209473,0,0,0,1,1990,0.19976666569709778,0.05000000074505806,8,-3.3889119625091553,4.6666669845581055,0,0.1695156693458557,0.30263158679008484,0,12.774621963500977,NA,0,0,1,78,0,NA,0,2.444444417953491,NA,0.05000000074505806,0,NA,africa
0,Nepal,1,1,558,0,250,0,0,0,1,0,0,0,0,0,0,0,0.44999998807907104,NA,NA,NA,NA,4.089000225067139,NA,0,0,2.5850000381469727,27.711999893188477,3.3333332538604736,16.970537185668945,9.739206314086914,0.30116206407546997,1147.1673583984375,49.822513580322266,53.77915573120117,3.6266283988952637,0,76.69999694824219,0,1990,1990,197.44444274902344,1,0,7.045051097869873,0,1,0,0,1990,0.30791109800338745,0.05000000074505806,5,-5.337308883666992,NA,1,1,0.20547939836978912,0,0.5063775777816772,30,0,0,1,0,3.3333332538604736,30,0.05000000074505806,0,0,0,0,16.84741104973687,asiae
1,Netherlands,0,0,138,0,250,0,0,0,0,0,1,0,0,42.400001525878906,42.599998474121094,0,0.0634353756904602,0.9395174980163574,0.9471855163574219,10.259400367736816,8.771300315856934,0.800000011920929,0.9879999756813049,0,0,3.5789999961853027,51.874000549316406,1,51.17832565307617,47.601295471191406,19.116849899291992,13820.4296875,100.33990478515625,68.47264099121094,13.202521324157715,0,117.11428833007812,0,1917,1917,150,0,0,9.533903121948242,0,0,0,0,1917,0.576377809047699,0.41499999165534973,10,-2.62343692779541,1.1116670370101929,1,0.12000000476837158,0.13714289665222168,1,2.7345967292785645,29,0,0,0,150,0,0,0,0,0,0,1,16.546451992458767,other
1,New Zeland,0.8472222089767456,0.8472222089767456,196,1,92,0.6320000290870667,0,0,1,0,0,0,0,37.900001525878906,18.700000762939453,0,0.1475699245929718,1.8574256896972656,0.8501157760620117,10.14264965057373,8.366720199584961,0.20000000298023224,0.9860000014305115,0.8999999761581421,0.8999999761581421,2.1029999256134033,-36.891998291015625,1,35.980445861816406,36.4119873046875,13.468954086303711,12088.626953125,58.07034683227539,64.9557876586914,12.122383117675781,0,101.44999694824219,0,1906,1906,105.33333587646484,1,0,9.400020599365234,0,0.6666666865348816,0,0,1906,0.4099110960960388,0.4699999988079071,10,1.635295033454895,0.598333477973938,1,0.8500000238418579,0.13832849264144897,1,1.3506977558135986,38,0,0,0,16.092594146728516,1,38,0.4699999988079071,0,0,0,0,15.08576160007053,other
0,Nicaragua,0,0,278,0,178,0,0.2879999876022339,0,0,0,1,0,0,4.400000095367432,94.69999694824219,0,0.09917956590652466,6.094335079193115,6.672211647033691,8.401280403137207,7.556300163269043,0.3330000042915344,0.5230000019073486,0.008999999612569809,0.6549999713897705,3.1549999713897705,12.211000442504883,3.444444417953491,31.007644653320312,23.497791290283203,5.0652995109558105,1322.4854736328125,87.20343780517578,51.9570198059082,3.0194666385650635,0,78.48750305175781,0.05376344174146652,1990,1990,90,0,1,7.187268257141113,0,0,0,1,1990,0.1356777846813202,0.05000000074505806,6.888888835906982,-0.8717377185821533,6.949999809265137,1,0.13333332538604736,0.11356469988822937,0,0.6999679207801819,50,0,0,1,90,0,0,0,3.444444417953491,50,0.05000000074505806,0,15.27326128217909,laam
1,Norway,0,0,142,0,94,0,0,0.6240000128746033,0,0,0,0,1,97.80000305175781,0.30000001192092896,0,0.06988371908664703,1.6675646305084229,1.626908540725708,10.200039863586426,8.468290328979492,0.777999997138977,0.9679999947547913,0,0,3.1589999198913574,59.97700119018555,1,39.88119888305664,41.10329055786133,14.822278022766113,16720.478515625,72.231536865234375,64.72183990478516,16.072961807250977,0,106.77143096923828,0,1919,1898,165,0,0,9.72438907623291,0,0,0,0,1898,0.6664111018180847,0.5099999904632568,10,-1.6624900102615356,1.100000023841858,1,0.11515152454376221,0.11515150219202042,1,12.941062927246094,33,0,0,0,165,0,0,0,0,0,0,1,15.282089445326063,other
0,Pakistan,1,1,564,1,52,0.7919999957084656,0,0,1,0,0,0,0,0.800000011920929,0.5,0,0.6215999722480774,6.488888740539551,6.537585735321045,8.423239707946777,8.257109642028809,0,0.453000009059906,0,0,2.0840001106262207,31.17300033569336,4.277777671813965,23.11273956298828,17.22882080078125,NA,1451.7408447265625,38.71351623535156,53.929996490478516,3.0406689643859863,0,42.150001525878906,NA,1988,1988,217,1,1,7.280518531799316,0,0,1,0,1988,0.34636667370796204,0.05999999865889549,7.777778148651123,-7.2675371170043945,7.863999843597412,0,1,0.10000000149011612,0,0.5349230170249939,31.735000610351562,0,0,1,0,4.277777671813965,31.735000610351562,0.05999999865889549,4.277777671813965,31.735000610351562,0.05999999865889549,0,NA,asiae
0,Papua N. Guin,1,1,853,1,24,0.9039999842643738,0,0.9039999842643738,1,0,0,0,0,58.400001525878906,32.79999923706055,0,0.8027272820472717,6.388547897338867,6.707344055175781,7.920899868011475,7.301790237426758,0,0.625,0.014999999664723873,0.014999999664723873,2.319000005722046,-6.599999904632568,2.777777671813965,30.811126708984375,23.75833511352539,0.300518661737442,1688.2398681640625,102.12989044189453,57.516971588134766,2.7929859161376953,0,46.599998474121094,0,1975,1975,107.77777862548828,1,0,7.431441783905029,0,1,0,0,1975,0.07333333045244217,0.125,10,-4.127748966217041,NA,1,1,1,0,16.742664337158203,NA,0,1,0,0,2.777777671813965,NA,0.125,0,NA,0,0,15.251314481099447,asiae
0,Paraguay,0,0,288,0,188,0,0.24799999594688416,0,0,0,1,0,0,1.899999976158142,96,0,0.41111111640930176,7.200309753417969,6.916740894317627,8.702079772949219,7.857039928436279,0.13300000131130219,0.4860000014305115,0,0.035999998450279236,2.3450000286102295,-25.58300018310547,3.3333332538604736,11.97500228881836,13.149066925048828,1.7797520160675049,2202.63623046875,86.43324279785156,54.81356430053711,3.8303942680358887,0,76.8499984741211,0.6875,1992,1992,77.33333587646484,0,1,7.6974101066589355,0,0,0,1,1989,0.28425556421279907,0.054999999701976776,5.777778148651123,1.1830040216445923,8.25,1,0.23333334922790527,0.02806759998202324,0,0.35807573795318604,42.5,0,0,1,77.33333587646484,0,0,0,3.3333332538604736,42.5,0.054999999701976776,0,15.363526026407877,laam
0,Peru,0,0,293,0,178,0,0.2879999876022339,0,0,0,1,0,0,2.700000047683716,95.0999984741211,0,0.4315909147262573,4.65307092666626,5.399045467376709,9.034390449523926,7.933640003204346,0.48899999260902405,0.43799999356269836,0,0.5640000104904175,1.9500000476837158,-11.793999671936035,4.388888835906982,17.277606964111328,13.649524688720703,NA,2410.24609375,25.889820098876953,59.251190185546875,4.255048751831055,0,97.2874984741211,0.6000000238418579,1979,1979,153.3333282470703,0,1,7.787484169006348,0,0,0,1,1979,0.1310444474220276,0.10499999672174454,2.1111109256744385,-1.2455090284347534,5.533332824707031,1,0.006790101528167725,0.008333300240337849,0,1.8951120376586914,44,0,1,0,153.3333282470703,0,0,0,4.388888835906982,44,0.10499999672174454,0,16.95721901787652,laam
0,Philippines,0.9777777791023254,0.9777777791023254,566,0,53,0,0.7879999876022339,0.7879999876022339,0,0,1,0,0,3.799999952316284,84.0999984741211,0,0.723820686340332,4.747078895568848,5.456180572509766,8.405759811401367,7.325930118560791,0.15600000321865082,0.40700000524520874,0,0,2.178999900817871,13.92199993133545,2.944444417953491,18.890758514404297,18.181106567382812,0.43735620379447937,1759.439208984375,80.6320571899414,57.64063262939453,3.556657314300537,0,98.73750305175781,0.359375,1990,1987,202.88888549804688,1,1,7.472750186920166,0,0,0.8888888955116272,0.1111111044883728,1987,0.15468889474868774,0.06499999761581421,7.888888835906982,-0.7918075919151306,6.965000152587891,1,0.978205144405365,0.008771900087594986,0,1.043808937072754,45.5,0,0,1,4.508641719818115,2.944444417953491,45.5,0.06499999761581421,2.944444417953491,45.5,0.06499999761581421,0,18.044327841864693,asiae
0,Poland,0,1,964,0,81,0,0,0.6759999990463257,0,1,0,0,0,0.10000000149011612,81,0,0.039000000804662704,3.651956081390381,4.0161943435668945,9.040590286254883,7.376699924468994,0.11100000143051147,0.6940000057220459,0,0.03999999910593033,2.628000020980835,50.24399948120117,1.7777777910232544,39.48863220214844,40.331207275390625,19.75605010986328,4330.115234375,48.277442932128906,66.047332763671875,10.822612762451172,0,95.9000015258789,0.06576087325811386,1989,1989,460,0,0,8.3733491897583,0,0,0,0,1989,0.5582666397094727,0.054999999701976776,8.11111068725586,-1.666985034942627,5.289999961853027,0,0.11304348707199097,0.12368729710578918,0,3.355170965194702,25.55500030517578,0,0,1,460,0,0,0,0,0,0,1,NA,other
1,Portugal,0,0,182,0,250,0,0,0,0,0,1,0,0,1.100000023841858,94.0999984741211,0,0.0024999999441206455,2.697592258453369,2.564185857772827,9.469659805297852,8.5462799072265625,0.777999997138977,0.8109999895095825,0,1,2.933000087738037,38.816001892089844,1.0555555820465088,41.66163635253906,34.5367431640625,12.211305618286133,8104.7587890625,68.4535903930664,66.192596435546875,15.204662322998047,0,107.96666717529297,0,1976,1976,232.22222900390625,0,0,9.00020694732666,0,0,0,0,1976,0.4312888979911804,0.11999999731779099,10,-4.234857082366943,3.5566670894622803,1,0.0948019027709961,0.09462369978427887,1,0.425968199968338,36.5,0,1,0,232.22222900390625,0,0,0,0,0,0,1,16.108803855048286,other
0,Romania,0,0,968,0,118,0,0,0.527999997138977,0,1,0,0,0,5.800000190734863,4.900000095367432,0,0.12200000137090683,6.139097213745117,5.914096355438232,8.29617977142334,7.10975980758667,0.06700000166893005,0.515999972820282,0,0.019999999552965164,2.934000015258789,44.5260009765625,3.555555582046509,33.389122009277344,31.834516525268555,9.497469902038574,1704.8525390625,55.68491744995117,67.28331756591797,11.49886703491211,0,85.628570556640625,0,1989,1989,353.22222900390625,0,0,7.441234111785889,0,0,0,0,1989,0.4947333335876465,0.054999999701976776,6,-1.951380968093872,6.840000152587891,0,0.11936569213867188,0.16890360414981842,0,2.810431480407715,22.899999618530273,0,0,1,353.22222900390625,0,0,0,0,0,0,1,NA,other
0,Russia,0.5,0.5,922,0,250,0,0,0,0,1,0,0,0,0,1.399999976158142,0,0.33309298753738403,6.189030647277832,6.23283576965332,NA,NA,NA,NA,NA,NA,NA,NA,3.5,26.261762619018555,12.982604026794434,8.059633255004883,1890.3359375,53.87100601196289,67.15010833740234,11.42975902557373,1,95.6500015258789,0.5,1992,1992,450,0,1,7.5445098876953125,1,0,0,1,1992,NA,0.03999999910593033,3.3333330154418945,-7.744335174560547,7.650000095367432,0,0.5,0.008849600329995155,0,NA,NA,0,0,1,225,0,NA,0,3.5,NA,0.03999999910593033,0,NA,other
0,Senegal,0.4259259104728699,0.4259259104728699,722,0,39,0,0,0,0,0,1,0,0,0.10000000149011612,5.599999904632568,0,0.7789000272750854,4.905213832855225,5.4709858894348145,7.839900016784668,7.809229850769043,0,0.4869999885559082,0,0,2.989000082015991,14.772000312805176,4,NA,NA,NA,1116.2789306640625,65.392547607421875,52.03586196899414,2.6823322772979736,0,40.04999923706055,0.5520833134651184,NA,NA,122.22222137451172,0,0,7.01775598526001,1,0,0,0,1975,0.16413334012031555,0.125,-1,NA,6.599999904632568,0,0.25423282384872437,0.0266100000590086,0,0.7450960874557495,54.119998931884766,0,0,1,70.16460418701172,0,0,0,0,0,0,1,NA,africa
0,Singapore,1,1,576,1,34,0.8640000224113464,0,0.8640000224113464,1,0,0,0,0,2.5999999046325684,4.699999809265137,1,0.32152870297431946,0.8356037139892578,1.1049878597259521,9.974430084228516,8.901590347290039,1,0.859000027179718,0.08900000154972076,0.08900000154972076,3.890000104904175,1.3550000190734863,4.666666507720947,18.48176383972168,34.67463684082031,0.6507520079612732,14737.0419921875,343.3865661621094,71.70319366455078,6.231131553649902,0,83.4000015258789,NA,NA,NA,80.22222137451172,1,0,9.598119735717773,0,1,0,0,1965,0.01505555585026741,0.17499999701976776,-2,12.588979721069336,0.9966663718223572,0,0.2998831272125244,NA,0,0.11056017130613327,40,0,0,1,0,4.666666507720947,40,0.17499999701976776,0,0,0,0,NA,asiae
0,Slovak Republic,0,1,936,0,6,0,0,0.9760000109672546,0,1,0,0,0,8.399999618530273,74,0,0.2537130117416382,5.0635085105896,4.939823150634766,NA,NA,NA,NA,NA,NA,NA,NA,2.5,40.382328033447266,NA,11.709643363952637,4952.1669921875,119.40155029296875,66.07475280761719,10.701852798461914,0,94.26000213623047,NA,1993,1993,150,0,0,8.507580757141113,0,0,0,0,1993,NA,0.03500000014901161,7.1666669845581055,NA,6.300000190734863,0,0.026666641235351562,NA,0,1.002611756324768,19.489999771118164,0,0,1,150,0,0,0,0,0,0,1,NA,other
0,South Africa,0,0,199,1,89,0.6439999938011169,0,0.6439999938011169,1,0,0,0,0,39,10.399999618530273,0,0.8309999704360962,5.019647598266602,4.402271270751953,9.090350151062012,8.049320220947266,0.08900000154972076,0.7400000095367432,0.09000000357627869,0.09000000357627869,2.186000108718872,-29.1299991607666,2.944444417953491,31.339845657348633,24.08896255493164,NA,3117.36279296875,43.853240966796875,60.27135467529297,4.313209056854248,0,110.66666412353516,0.125,1994,1994,400,0,0,8.044742584228516,1,0,0,0,1910,0.32366666197776794,0.44999998807907104,7.857142925262451,-5.514829158782959,4.758333206176758,0,0.02249997854232788,0.03505359962582588,0,7.480708599090576,62.29999923706055,0,0,1,400,0,0,0,0,0,0,1,NA,africa
0,South Korea,0.7814937829971313,0.7814937829971313,542,0,51,0,0,0.7960000038146973,0,0,0,1,0,12.199999809265137,3.9000000953674316,1,0,4.1826348304748535,4.681626796722412,9.509209632873535,8.282690048217773,0.6000000238418579,0.7350000143051147,0,0,2.6640000343322754,37.553001403808594,2.1666667461395264,17.067277908325195,19.040666580200195,1.6178683042526245,8482.9638671875,62.85624313354492,70.52384185791016,5.559429168701172,0,97.44285583496094,0.2211538553237915,1988,1988,299,0,1,9.045815467834473,1,0,0,1,1988,0.41725558042526245,0.05999999865889549,6.222221851348877,-0.344792902469635,5.733334064483643,0,0.7848383188247681,0.07301589846611023,0,0.3933303952217102,NA,0,0,1,65.333343505859375,0,NA,0,2.1666667461395264,NA,0.05999999865889549,0,NA,asiae
1,Spain,0.005714297294616699,0.005714300088584423,184,0,250,0,0,0,0,0,1,0,0,0.10000000149011612,96.9000015258789,0,0.27451613545417786,1.793459415435791,2.5714786052703857,10.092430114746094,8.928549766540527,0.777999997138977,0.8019999861717224,0,0.7279999852180481,2.5160000324249268,37.39799880981445,1.3333333730697632,36.193153381347656,31.22603988647461,14.104394912719727,10102.7666015625,45.26283264160156,67.78302764892578,15.151228904724121,0,111.9000015258789,0,1978,1978,350,0,0,9.220564842224121,0,0,0,0,1978,0.4155333340167999,0.10999999940395355,10,-5.234408855438232,4.289999961853027,1,0.1485714316368103,0.17611940205097198,1,0.5123852491378784,25.5,0,1,0,348,0,0,0,0,0,0,1,17.48218282063802,other
0,Sri Lanka,4.937999765388668e-4,1,524,1,51,0.7960000038146973,0,0,1,0,0,0,0,0.4000000059604645,6.800000190734863,1,0.32574692368507385,6.223356246948242,5.247889041900635,8.608180046081543,7.894889831542969,0.4000000059604645,0.46299999952316284,0.008999999612569809,0.008999999612569809,2.634999990463257,6.868000030517578,4.222222328186035,27.38108253479004,19.815134048461914,4.386837482452393,2441.69287109375,76.0149154663086,63.97582244873047,5.82058048248291,0,87.5999984741211,0.12888889014720917,1978,1948,225,0,1,7.8004469871521,0,0,0,1,1948,0.07631111145019531,0.25999999046325684,5,-7.35772705078125,NA,1,0.10222220420837402,0.08696720004081726,0,1.1463278532028198,37.54999923706055,1,1,0,224.88888549804688,0,0,0,4.222222328186035,37.54999923706055,0.25999999046325684,0,16.698330773247612,asiae
0,St. Vincent&G,1,1,364,1,20,0.9200000166893005,0,0,1,0,0,0,0,40.70000076293945,19.399999618530273,0,0,NA,NA,NA,NA,NA,NA,1,1,4.375,13.253999710083008,1.4444444179534912,34.78068161010742,28.66900634765625,2.4121921062469482,3403.561279296875,123.44097900390625,67.928070068359375,2.2958521842956543,0,NA,0,1978,1978,15,1,0,8.132577896118164,0,1,0,0,1978,0.14726665616035461,0.10999999940395355,NA,-3.5879180431365967,NA,1,1,1,0,0.2584996223449707,NA,0,1,0,0,1.4444444179534912,NA,0.10999999940395355,0,NA,0,0,11.610371589660645,laam
1,Sweden,0,0,144,0,250,0,0,0,0,0,0,0,1,68.4000015258789,1.399999976158142,0,0.06503676623106003,1.8543939590454102,0.8293261528015137,10.235879898071289,8.717639923095703,0.777999997138977,0.9869999885559082,0,0,2.9030001163482666,59.27799987792969,1,44.75310516357422,40.84713363647461,22.384708404541016,14414.4384765625,68.05693817138672,64.03425598144531,17.430009841918945,0,111.61428833007812,0.1117478534579277,1917,1917,349,0,0,9.5759859085083,0,0,0,0,1917,0.658644437789917,0.41499999165534973,10,-5.92189884185791,0.73333340883255,1,0.0830945372581482,0.07046029716730118,1,0.2735882103443146,32.47999954223633,0,0,0,349,0,0,0,0,0,0,1,15.984136581420898,other
1,Switzerland,0.02500000037252903,1,146,0,250,0,0,0,0,0,0,1,0,43.20000076293945,52.79999923706055,0,0.3075980246067047,1.0274953842163086,0.8565387725830078,10.340609550476074,8.702449798583984,1,1,0,0.8399999737739563,3.4830000400543213,47.40800094604492,1,26.49567985534668,22.128101348876953,12.733579635620117,15878.556640625,68.8988265991211,68.16419219970703,14.673066139221191,1,97.48332977294922,0,1918,1874,200,0,1,9.672724723815918,0,0,0,1,1848,0.5267555713653564,0.7599999904632568,10,-1.4664920568466187,1.2450000047683716,1,0.12999999523162842,0.21138210594654083,1,NA,37,0,0,0,195,0,0,0,1,37,0.7599999904632568,0,15.755321184794107,other
0,Taiwan,0.7822222113609314,0.7822222113609314,924,0,50,0,0,0.800000011920929,0,0,0,1,0,3,1.5,1,0.2551000118255615,2.4126718044281006,3.7486143112182617,9.666959762573242,8.573920249938965,0.7110000252723694,0.8230000138282776,0,0,2.885999917984009,25.259000778198242,3,15.587725639343262,13.87447738647461,2.684990406036377,10115.896484375,90.74010467529297,NA,NA,0,NA,NA,1992,1992,179.25,0,0,9.221863746643066,1,0,0,0,1992,0.28065556287765503,0.03999999910593033,5.777778148651123,-1.7034800052642822,4.75333309173584,0,NA,NA,0,NA,29.03499984741211,0,0,1,NA,0,0,0,0,0,0,1,NA,asiae
0,Thailand,1,1,578,0,250,0,0,0,1,0,0,0,0,0.20000000298023224,0.4000000059604645,1,0.3569487929344177,4.980464935302734,5.329583168029785,8.6229400634765625,7.829500198364258,1,0.7110000252723694,0,0,2.246000051498413,13.770000457763672,3.444444417953491,16.224164962768555,18.448875427246094,0.5963770151138306,4400.02978515625,84.86579895019531,66.00995635986328,5.1090006828308105,0,68.4749984741211,0,1992,1992,373.77777099609375,1,0,8.389366149902344,0,1,0,0,1992,0.15300001204013824,0.03999999910593033,7.222221851348877,1.8989620208740234,6.903334140777588,1,0.4155154824256897,0.39442628622055054,0,1.2939672470092773,49.5,0,1,0,0,3.444444417953491,49.5,0.03999999910593033,0,0,0,0,17.885665893554688,asiae
0,Trinidad&Tob,1,1,369,1,37,0.8519999980926514,0,0,1,0,0,0,0,13.199999809265137,35.79999923706055,0,0.23126983642578125,3.9584603309631348,3.9789695739746094,9.778639793395996,8.584250450134277,0,0.6159999966621399,0.9290000200271606,0.9649999737739563,3.4119999408721924,10.418000221252441,1.2777777910232544,28.069963455200195,28.0137882232666,4.289944171905518,7616.89404296875,86.71414947509766,62.8177490234375,6.36392879486084,0,89.383331298828125,0,1962,1962,36.44444274902344,1,0,8.93812370300293,0,1,0,0,1962,0.11575555801391602,0.1899999976158142,9,0.22098739445209503,NA,1,1,1,0,14.796732902526855,42,0,1,0,0,1.2777777910232544,42,0.1899999976158142,0,0,0,0,14.059129397074381,laam
1,Turkey,0,0,186,0,250,0,0,0,0,0,1,0,0,0,0.10000000149011612,0,0.1635683923959732,5.8245439529418945,5.697740077972412,8.952589988708496,8.138850212097168,0.13300000131130219,0.6010000109672546,0,0,2.4210000038146973,41.20199966430664,4.05555534362793,24.06719398498535,16.90920066833496,1.179869294166565,3995.747802734375,41.0013542175293,62.89411163330078,5.0764288902282715,0,74.97142791748047,0,1982,1982,494.4444580078125,0,0,8.292985916137695,0,0,0,0,1982,0.4578000009059906,0.09000000357627869,8.11111068725586,-5.458315849304199,6.391665935516357,1,0.19223344326019287,0.18814370036125183,0,1.3359310626983643,44,0,0,1,494.4444580078125,0,0,0,0,0,0,1,17.904904471503365,other
1,USA,1,1,111,0,250,0,0,0,1,0,0,0,0,43.599998474121094,30,0,0.20903141796588898,2.2682979106903076,2.1863248348236084,10.475560188293457,8.826899528503418,1,0.9470000267028809,0.8859999775886536,0.972000002861023,0.9399999976158142,34.36000061035156,1,21.87741470336914,20.23822784423828,6.431568145751953,18844.27734375,23.034547805786133,65.44536590576172,12.572928428649902,1,99.16667175292969,0,1800,1800,435,1,1,9.843964576721191,0,0,1,0,1800,0.3817777931690216,1,10,-2.527479887008667,2.3566670417785645,1,1,0.6666666865348816,1,1.5558061599731445,37.5,0,0,0,0,1,37.5,1,1,37.5,1,0,19.375957489013672,other
0,Uganda,1,1,746,1,37,0.8519999980926514,0,0,1,0,0,0,0,1.899999976158142,49.599998474121094,0,0.8357999920845032,5.501157760620117,5.931886672973633,7.023690223693848,7.330349922180176,0.15600000321865082,0.36800000071525574,0,0,2.562999963760376,0.2280000001192093,4.888888835906982,14.652318000793457,19.25433921813965,NA,618.29913330078125,30.829700469970703,49.04804229736328,2.366586685180664,0,49.349998474121094,NA,NA,NA,276,1,1,6.426972389221191,0,0,1,0,1994,0.0025333333760499954,0.029999999329447746,-4.3333330154418945,NA,7.547500133514404,0,1,NA,0,0.35319784283638,NA,0,0,1,0,4.888888835906982,NA,0.029999999329447746,4.888888835906982,NA,0.029999999329447746,0,NA,africa
1,Uk,1,1,112,0,250,0,0,0,1,0,0,0,0,16.100000381469727,13.100000381469727,0,0.10628458857536316,1.0677576065063477,1.5869529247283936,10.157170295715332,8.837590217590332,0.777999997138977,0.9330000281333923,0.9739999771118164,0.9739999771118164,2.5999999046325684,51.5099983215332,1.5,40.372657775878906,36.10271072387695,14.616913795471191,13586.1787109375,54.161556243896484,64.96465301513672,15.86099624633789,0,114.9000015258789,0,1837,1837,652.5555419921875,1,0,9.51680850982666,0,1,0,0,1837,0.5723333358764648,0.8149999976158142,10,-3.235131025314331,1.4616669416427612,1,1,1,1,2.196796417236328,29.5,0,0,0,0,1.5,29.5,0.8149999976158142,0,0,0,0,17.882471720377605,other
0,Ukraine,0.8999999761581421,0.8999999761581421,926,0,8,0,0,0.9679999947547913,0,1,0,0,0,0,0,0,0.4185999929904938,6.7858171463012695,6.783310890197754,NA,NA,NA,NA,NA,NA,NA,NA,3.4375,NA,NA,NA,893.36273193359375,70.71070861816406,66.4769515991211,13.302264213562012,NA,89.92500305175781,0.5,1992.875,1991,450,1,0,6.794992923736572,0,0.800000011920929,0,0,1991,NA,0.04500000178813934,6.375,NA,7.699999809265137,0,0.8999999761581421,0.008849600329995155,0,NA,25.709999084472656,0,0,1,45.0000114440918,3.4375,25.709999084472656,0.04500000178813934,0,0,0,0,NA,other
0,Uruguay,0,0,298,0,171,0,0.3160000145435333,0,0,0,1,0,0,1.899999976158142,59.5,0,0.06666667014360428,3.7644150257110596,4.140769958496094,9.39568042755127,8.279879570007324,0.11100000143051147,0.5640000104904175,0,1,2.8369998931884766,-34.821998596191406,1.6666666269302368,29.381980895996094,29.85934066772461,17.92557716369629,5402.42578125,43.422550201416016,62.58509826660156,12.068190574645996,0,95.17142486572266,0.5,1985,1985,99,0,1,8.594603538513184,0,0,0,1,1985,0.3869110941886902,0.07500000298023224,10,-0.6504871845245361,5.71999979019165,1,0.1111111044883728,0.0568011999130249,0,0.2216484546661377,NA,0,0,1,99,0,NA,0,1.6666666269302368,NA,0.07500000298023224,0,14.97716638776991,laam
0,Venezuela,0.33497539162635803,0.33497539162635803,299,0,188,0,0.24799999594688416,0,0,0,1,0,0,1,94.80000305175781,0,0.05249999836087227,6.698415756225586,6.449771404266357,9.77161979675293,8.651920318603516,0.3109999895095825,0.6119999885559082,0,0.968999981880188,2.190999984741211,9.843000411987305,2.555555582046509,19.34534454345703,20.125110626220703,NA,6660.6181640625,52.77752685546875,59.341880798339844,4.073095321655273,1,84.27143096923828,0,1981.3333740234375,1958,202.3333282470703,0,1,8.803967475891113,0,0,0,1,1958,0.10936667025089264,0.20999999344348907,8.222222328186035,-1.2869820594787598,7.4116668701171875,1,0.44865167140960693,0.1697613000869751,0,17.199993133544922,49.5,0,1,0,134.55665588378906,0,0,0,2.555555582046509,49.5,0.20999999344348907,0,16.87613847520616,laam
0,Zambia,1,1,754,1,35,0.8600000143051147,0,0,1,0,0,0,0,31.899999618530273,26.200000762939453,0,0.8294000029563904,5.797871112823486,6.22855806350708,7.4961700439453125,6.284460067749023,0.04399999976158142,0.42399999499320984,0,0,2.625,-12.942000389099121,3.8333332538604736,25.236387252807617,19.672393798828125,0.442047119140625,659.18719482421875,73.76628875732422,50.19070816040039,2.336754083633423,0,71.42500305175781,0,1991,1991,150,1,1,6.491007328033447,0,0,1,0,1991,0.14380000531673431,0.04500000178813934,2.6666669845581055,NA,6.533332824707031,0,1,1,0,17.42976188659668,47.25499725341797,0,0,1,0,3.8333332538604736,47.25499725341797,0.04500000178813934,3.8333332538604736,47.25499725341797,0.04500000178813934,0,NA,africa
0,Zimbabwe,1,1,698,1,19,0.9240000247955322,0,0,1,0,0,0,0,21.399999618530273,14.399999618530273,0,0.5985999703407288,7.258331298828125,5.637466907501221,7.7483601570129395,7.052840232849121,0,0.5450000166893005,0.07400000095367432,0.07400000095367432,2.421999931335449,-17.875999450683594,4.888888835906982,31.23202133178711,25.581600189208984,3.2313694953918457,1201.9840087890625,69.16644287109375,53.855987548828125,2.8045763969421387,0,87.625,0,NA,NA,120,1,1,7.091728687286377,0,0,1,0,1989,0.1986222118139267,0.054999999701976776,-6,-6.772183895111084,6.233334064483643,0,1,1,0,3.0373244285583496,56.83000183105469,0,0,1,0,4.888888835906982,56.83000183105469,0.054999999701976776,4.888888835906982,56.83000183105469,0.054999999701976776,0,NA,africa
